{
  "exact_match": 11.07852412488174,
  "f1": 21.44890375607027
}