{
  "exact_match": 84.91958372753075,
  "f1": 91.74672763057066
}