split,exact_match,f1
validation,84.91958372753075,91.74672763057066
